{
    "version": "2023-08-31",
    "name": "meta-llama-Llama-2-7b-chat-hf_250_75_summary",
    "model": "meta-llama/Llama-2-7b-chat-hf",
    "mean_input_tokens": 250,
    "stddev_input_tokens": 150,
    "mean_output_tokens": 75,
    "stddev_output_tokens": 10,
    "num_concurrent_requests": 1,
    "results_inter_token_latency_s_quantiles_p25": 0.12486941271845353,
    "results_inter_token_latency_s_quantiles_p50": 0.1327576126906158,
    "results_inter_token_latency_s_quantiles_p75": 0.14087309126368971,
    "results_inter_token_latency_s_quantiles_p90": 0.15973710933550436,
    "results_inter_token_latency_s_quantiles_p95": 0.1971150652405005,
    "results_inter_token_latency_s_quantiles_p99": 0.22701742996449747,
    "results_inter_token_latency_s_mean": 0.14326308796391732,
    "results_inter_token_latency_s_min": 0.12280227619190462,
    "results_inter_token_latency_s_max": 0.23449302114549672,
    "results_inter_token_latency_s_stddev": 0.03491342712149808,
    "results_ttft_s_quantiles_p25": 3.191176667023683,
    "results_ttft_s_quantiles_p50": 3.681259625009261,
    "results_ttft_s_quantiles_p75": 4.006526584009407,
    "results_ttft_s_quantiles_p90": 5.6582967828027915,
    "results_ttft_s_quantiles_p95": 7.710939766396766,
    "results_ttft_s_quantiles_p99": 9.35305415327195,
    "results_ttft_s_mean": 4.25057016211536,
    "results_ttft_s_min": 2.8680958339828067,
    "results_ttft_s_max": 9.763582749990746,
    "results_ttft_s_stddev": 2.1482460727684862,
    "results_end_to_end_latency_s_quantiles_p25": 8.11614716699114,
    "results_end_to_end_latency_s_quantiles_p50": 9.578857500018785,
    "results_end_to_end_latency_s_quantiles_p75": 11.00367395801004,
    "results_end_to_end_latency_s_quantiles_p90": 12.15963992520119,
    "results_end_to_end_latency_s_quantiles_p95": 14.170193191588622,
    "results_end_to_end_latency_s_quantiles_p99": 15.778635804698569,
    "results_end_to_end_latency_s_mean": 10.136052995441585,
    "results_end_to_end_latency_s_min": 7.991810416977387,
    "results_end_to_end_latency_s_max": 16.180746457976056,
    "results_end_to_end_latency_s_stddev": 2.5533130087441753,
    "results_request_output_throughput_token_per_s_quantiles_p25": 7.097987566377049,
    "results_request_output_throughput_token_per_s_quantiles_p50": 7.531951758359992,
    "results_request_output_throughput_token_per_s_quantiles_p75": 8.008197975272502,
    "results_request_output_throughput_token_per_s_quantiles_p90": 8.035567622477537,
    "results_request_output_throughput_token_per_s_quantiles_p95": 8.08925058062369,
    "results_request_output_throughput_token_per_s_quantiles_p99": 8.132196947140612,
    "results_request_output_throughput_token_per_s_mean": 7.233405918305457,
    "results_request_output_throughput_token_per_s_min": 4.2643273707553515,
    "results_request_output_throughput_token_per_s_max": 8.142933538769842,
    "results_request_output_throughput_token_per_s_stddev": 1.1832100611773244,
    "results_number_input_tokens_quantiles_p25": 209.0,
    "results_number_input_tokens_quantiles_p50": 238.0,
    "results_number_input_tokens_quantiles_p75": 281.0,
    "results_number_input_tokens_quantiles_p90": 374.20000000000005,
    "results_number_input_tokens_quantiles_p95": 520.5999999999999,
    "results_number_input_tokens_quantiles_p99": 637.72,
    "results_number_input_tokens_mean": 283.3333333333333,
    "results_number_input_tokens_min": "172",
    "results_number_input_tokens_max": "667",
    "results_number_input_tokens_stddev": 150.22233522349464,
    "results_number_output_tokens_quantiles_p25": 65.0,
    "results_number_output_tokens_quantiles_p50": 69.0,
    "results_number_output_tokens_quantiles_p75": 78.0,
    "results_number_output_tokens_quantiles_p90": 79.6,
    "results_number_output_tokens_quantiles_p95": 82.8,
    "results_number_output_tokens_quantiles_p99": 85.36,
    "results_number_output_tokens_mean": 70.88888888888889,
    "results_number_output_tokens_min": "61",
    "results_number_output_tokens_max": "86",
    "results_number_output_tokens_stddev": 8.100068586815244,
    "results_num_requests_started": 9,
    "results_error_rate": 0.0,
    "results_number_errors": 0,
    "results_error_code_frequency": "{}",
    "results_mean_output_throughput_token_per_s": 6.977181795403141,
    "results_num_completed_requests": 9,
    "results_num_completed_requests_per_min": 5.905451676360026,
    "timestamp": 1745277644
}