{
    "version": "2023-08-31",
    "name": "ModelCloud-DeepSeek-R1-Distill-Qwen-7B-gptqmodel-4bit-vortex-v2_250_75_summary",
    "model": "ModelCloud/DeepSeek-R1-Distill-Qwen-7B-gptqmodel-4bit-vortex-v2",
    "mean_input_tokens": 250,
    "stddev_input_tokens": 75,
    "mean_output_tokens": 75,
    "stddev_output_tokens": 10,
    "num_concurrent_requests": 1,
    "results_inter_token_latency_s_quantiles_p25": 0.009086744928546725,
    "results_inter_token_latency_s_quantiles_p50": 0.00925832340576792,
    "results_inter_token_latency_s_quantiles_p75": 0.009485402475048504,
    "results_inter_token_latency_s_quantiles_p90": 0.010939329871239493,
    "results_inter_token_latency_s_quantiles_p95": 0.018530591461466784,
    "results_inter_token_latency_s_quantiles_p99": 0.02506279827465932,
    "results_inter_token_latency_s_mean": 0.0103673275524109,
    "results_inter_token_latency_s_min": 0.0090867449285467,
    "results_inter_token_latency_s_max": 0.0250627982746593,
    "results_inter_token_latency_s_stddev": 0.0033019812612678,
    "results_ttft_s_quantiles_p25": 0.04110592676732134,
    "results_ttft_s_quantiles_p50": 0.04494191693284569,
    "results_ttft_s_quantiles_p75": 0.04669105847250405,
    "results_ttft_s_quantiles_p90": 0.17978928104975014,
    "results_ttft_s_quantiles_p95": 0.7482920814257046,
    "results_ttft_s_quantiles_p99": 1.2664738119485695,
    "results_ttft_s_mean": 0.1309696002977425,
    "results_ttft_s_min": 0.0411059267673213,
    "results_ttft_s_max": 1.2664738119485695,
    "results_ttft_s_stddev": 0.2534048437892922,
    "results_end_to_end_latency_s_quantiles_p25": 0.6274924738177612,
    "results_end_to_end_latency_s_quantiles_p50": 0.6333325469459244,
    "results_end_to_end_latency_s_quantiles_p75": 0.7034006924377256,
    "results_end_to_end_latency_s_quantiles_p90": 0.9869962701394103,
    "results_end_to_end_latency_s_quantiles_p95": 1.530487189318476,
    "results_end_to_end_latency_s_quantiles_p99": 1.987221891375004,
    "results_end_to_end_latency_s_mean": 0.7670247563662312,
    "results_end_to_end_latency_s_min": 0.6274924738177612,
    "results_end_to_end_latency_s_max": 1.987221891375004,
    "results_end_to_end_latency_s_stddev": 0.300109510860127,
    "results_request_output_throughput_token_per_s_quantiles_p25": 116.24849801392548,
    "results_request_output_throughput_token_per_s_quantiles_p50": 119.26603370633904,
    "results_request_output_throughput_token_per_s_quantiles_p75": 120.93863922392406,
    "results_request_output_throughput_token_per_s_quantiles_p90": 121.65598932552453,
    "results_request_output_throughput_token_per_s_quantiles_p95": 122.87613842611525,
    "results_request_output_throughput_token_per_s_quantiles_p99": 123.85225770658782,
    "results_request_output_throughput_token_per_s_mean": 119.01854482800925,
    "results_request_output_throughput_token_per_s_min": 116.24849801392548,
    "results_request_output_throughput_token_per_s_max": 123.85225770658782,
    "results_request_output_throughput_token_per_s_stddev": 2.308000517754838,
    "results_number_input_tokens_quantiles_p25": 231.75,
    "results_number_input_tokens_quantiles_p50": 249.5,
    "results_number_input_tokens_quantiles_p75": 263.5,
    "results_number_input_tokens_quantiles_p90": 293.29999999999995,
    "results_number_input_tokens_quantiles_p95": 375.6499999999998,
    "results_number_input_tokens_quantiles_p99": 441.53000000000003,
    "results_number_input_tokens_mean": 265.2,
    "results_number_input_tokens_min": "211",
    "results_number_input_tokens_max": "458",
    "results_number_input_tokens_stddev": 70.83909780465713,
    "results_number_output_tokens_quantiles_p25": 74.1,
    "results_number_output_tokens_quantiles_p50": 77.0,
    "results_number_output_tokens_quantiles_p75": 86.2,
    "results_number_output_tokens_quantiles_p90": 91.0,
    "results_number_output_tokens_quantiles_p95": 92.3,
    "results_number_output_tokens_quantiles_p99": 94.0,
    "results_number_output_tokens_mean": 78.8,
    "results_number_output_tokens_min": "65",
    "results_number_output_tokens_max": "95",
    "results_number_output_tokens_stddev": 9.612384774931216,
    "results_num_requests_started": 10,
    "results_error_rate": 0.0,
    "results_number_errors": 0,
    "results_error_code_frequency": "{}",
    "results_mean_output_throughput_token_per_s": 98.58364134776353,
    "results_num_completed_requests": 10,
    "results_num_completed_requests_per_min": 74.70419564515878,
    "timestamp": 1746927874
}