{
    "version": "2023-08-31",
    "name": "ModelCloud-DeepSeek-R1-Distill-Qwen-7B-gptqmodel-4bit-vortex-v2_250_75_summary",
    "model": "ModelCloud/DeepSeek-R1-Distill-Qwen-7B-gptqmodel-4bit-vortex-v2",
    "mean_input_tokens": 250,
    "stddev_input_tokens": 75,
    "mean_output_tokens": 75,
    "stddev_output_tokens": 10,
    "num_concurrent_requests": 1,
    "results_inter_token_latency_s_quantiles_p25": 0.011681310234750103,
    "results_inter_token_latency_s_quantiles_p50": 0.012007050134705011,
    "results_inter_token_latency_s_quantiles_p75": 0.012285813422200743,
    "results_inter_token_latency_s_quantiles_p90": 0.012490160946501044,
    "results_inter_token_latency_s_quantiles_p95": 0.012512730540457014,
    "results_inter_token_latency_s_quantiles_p99": 0.01264851098475925,
    "results_inter_token_latency_s_mean": 0.0120323138824904,
    "results_inter_token_latency_s_min": 0.0116813102347501,
    "results_inter_token_latency_s_max": 0.0126485109847592,
    "results_inter_token_latency_s_stddev": 0.0003093238711696,
    "results_ttft_s_quantiles_p25": 0.12525055013470915,
    "results_ttft_s_quantiles_p50": 0.13507495014851928,
    "results_ttft_s_quantiles_p75": 0.13572379250003996,
    "results_ttft_s_quantiles_p90": 0.14510026013847133,
    "results_ttft_s_quantiles_p95": 0.15065765132402392,
    "results_ttft_s_quantiles_p99": 0.1538344801736491,
    "results_ttft_s_mean": 0.1338452425015226,
    "results_ttft_s_min": 0.1252505501347091,
    "results_ttft_s_max": 0.1538344801736491,
    "results_ttft_s_stddev": 0.0078749583634918,
    "results_end_to_end_latency_s_quantiles_p25": 0.783035963785976,
    "results_end_to_end_latency_s_quantiles_p50": 0.7972197692750282,
    "results_end_to_end_latency_s_quantiles_p75": 0.8824907027475949,
    "results_end_to_end_latency_s_quantiles_p90": 0.9354457118573937,
    "results_end_to_end_latency_s_quantiles_p95": 0.9847395837591282,
    "results_end_to_end_latency_s_quantiles_p99": 1.0100738792750048,
    "results_end_to_end_latency_s_mean": 0.8381971258323726,
    "results_end_to_end_latency_s_min": 0.783035963785976,
    "results_end_to_end_latency_s_max": 1.0100738792750048,
    "results_end_to_end_latency_s_stddev": 0.0671708099456451,
    "results_request_output_throughput_token_per_s_quantiles_p25": 93.12130018157968,
    "results_request_output_throughput_token_per_s_quantiles_p50": 95.05178144263111,
    "results_request_output_throughput_token_per_s_quantiles_p75": 96.55704740846703,
    "results_request_output_throughput_token_per_s_quantiles_p90": 99.47514709578634,
    "results_request_output_throughput_token_per_s_quantiles_p95": 99.48016056451043,
    "results_request_output_throughput_token_per_s_quantiles_p99": 99.4841713394897,
    "results_request_output_throughput_token_per_s_mean": 95.41257278131616,
    "results_request_output_throughput_token_per_s_min": 93.12130018157968,
    "results_request_output_throughput_token_per_s_max": 99.4841713394897,
    "results_request_output_throughput_token_per_s_stddev": 2.1917677504952477,
    "results_number_input_tokens_quantiles_p25": 231.75,
    "results_number_input_tokens_quantiles_p50": 249.5,
    "results_number_input_tokens_quantiles_p75": 263.5,
    "results_number_input_tokens_quantiles_p90": 293.29999999999995,
    "results_number_input_tokens_quantiles_p95": 375.6499999999998,
    "results_number_input_tokens_quantiles_p99": 441.53000000000003,
    "results_number_input_tokens_mean": 265.2,
    "results_number_input_tokens_min": "211",
    "results_number_input_tokens_max": "458",
    "results_number_input_tokens_stddev": 70.83909780465713,
    "results_number_output_tokens_quantiles_p25": 73.2,
    "results_number_output_tokens_quantiles_p50": 75.8,
    "results_number_output_tokens_quantiles_p75": 83.6,
    "results_number_output_tokens_quantiles_p90": 88.7,
    "results_number_output_tokens_quantiles_p95": 93.1,
    "results_number_output_tokens_quantiles_p99": 97.4,
    "results_number_output_tokens_mean": 78.2,
    "results_number_output_tokens_min": "66",
    "results_number_output_tokens_max": "98",
    "results_number_output_tokens_stddev": 9.32,
    "results_num_requests_started": 10,
    "results_error_rate": 0.0,
    "results_number_errors": 0,
    "results_error_code_frequency": "{}",
    "results_mean_output_throughput_token_per_s": 97.19460100574405,
    "results_num_completed_requests": 10,
    "results_num_completed_requests_per_min": 73.49701856971192,
    "timestamp": 1746930092
}