{
    "version": "2023-08-31",
    "name": "meta-llama-Llama-2-7b-chat-hf_250_75_summary",
    "model": "meta-llama/Llama-2-7b-chat-hf",
    "mean_input_tokens": 250,
    "stddev_input_tokens": 150,
    "mean_output_tokens": 75,
    "stddev_output_tokens": 10,
    "num_concurrent_requests": 1,
    "results_inter_token_latency_s_quantiles_p25": 0.1818789784725642,
    "results_inter_token_latency_s_quantiles_p50": 0.18999300713949197,
    "results_inter_token_latency_s_quantiles_p75": 0.19531723820764385,
    "results_inter_token_latency_s_quantiles_p90": 0.20031732209647304,
    "results_inter_token_latency_s_quantiles_p95": 0.20039986081273423,
    "results_inter_token_latency_s_quantiles_p99": 0.20046589178574317,
    "results_inter_token_latency_s_mean": 0.18906614485359663,
    "results_inter_token_latency_s_min": 0.17859517394627314,
    "results_inter_token_latency_s_max": 0.2004823995289954,
    "results_inter_token_latency_s_stddev": 0.008952531041916132,
    "results_ttft_s_quantiles_p25": 4.8943394369853195,
    "results_ttft_s_quantiles_p50": 5.217618791037239,
    "results_ttft_s_quantiles_p75": 5.898134229006246,
    "results_ttft_s_quantiles_p90": 6.791465541825165,
    "results_ttft_s_quantiles_p95": 7.4058319169329465,
    "results_ttft_s_quantiles_p99": 7.897325017019174,
    "results_ttft_s_mean": 5.6404000117243935,
    "results_ttft_s_min": 4.660035667009652,
    "results_ttft_s_max": 8.020198292040732,
    "results_ttft_s_stddev": 1.16293053909225,
    "results_end_to_end_latency_s_quantiles_p25": 12.186225812503835,
    "results_end_to_end_latency_s_quantiles_p50": 12.949170333042275,
    "results_end_to_end_latency_s_quantiles_p75": 14.68279297897243,
    "results_end_to_end_latency_s_quantiles_p90": 15.471167433203664,
    "results_end_to_end_latency_s_quantiles_p95": 15.554760320612695,
    "results_end_to_end_latency_s_quantiles_p99": 15.62163463053992,
    "results_end_to_end_latency_s_mean": 13.471235505862362,
    "results_end_to_end_latency_s_min": 11.973087417019997,
    "results_end_to_end_latency_s_max": 15.638353208021726,
    "results_end_to_end_latency_s_stddev": 1.5475508786559478,
    "results_request_output_throughput_token_per_s_quantiles_p25": 5.123041709159354,
    "results_request_output_throughput_token_per_s_quantiles_p50": 5.263285256715966,
    "results_request_output_throughput_token_per_s_quantiles_p75": 5.498966636936517,
    "results_request_output_throughput_token_per_s_quantiles_p90": 5.581080337745114,
    "results_request_output_throughput_token_per_s_quantiles_p95": 5.59007214572241,
    "results_request_output_throughput_token_per_s_quantiles_p99": 5.597265592104248,
    "results_request_output_throughput_token_per_s_mean": 5.299157622239747,
    "results_request_output_throughput_token_per_s_min": 4.9877374530708085,
    "results_request_output_throughput_token_per_s_max": 5.599063953699707,
    "results_request_output_throughput_token_per_s_stddev": 0.24927569719965012,
    "results_number_input_tokens_quantiles_p25": 196.0,
    "results_number_input_tokens_quantiles_p50": 231.0,
    "results_number_input_tokens_quantiles_p75": 259.5,
    "results_number_input_tokens_quantiles_p90": 289.0,
    "results_number_input_tokens_quantiles_p95": 295.0,
    "results_number_input_tokens_quantiles_p99": 299.8,
    "results_number_input_tokens_mean": 230.71428571428572,
    "results_number_input_tokens_min": "172",
    "results_number_input_tokens_max": "301",
    "results_number_input_tokens_stddev": 47.814622190686556,
    "results_number_output_tokens_quantiles_p25": 64.5,
    "results_number_output_tokens_quantiles_p50": 68.0,
    "results_number_output_tokens_quantiles_p75": 78.0,
    "results_number_output_tokens_quantiles_p90": 81.2,
    "results_number_output_tokens_quantiles_p95": 83.6,
    "results_number_output_tokens_quantiles_p99": 85.52,
    "results_number_output_tokens_mean": 71.42857142857143,
    "results_number_output_tokens_min": "61",
    "results_number_output_tokens_max": "86",
    "results_number_output_tokens_stddev": 9.271050693011066,
    "results_num_requests_started": 7,
    "results_error_rate": 0.0,
    "results_number_errors": 0,
    "results_error_code_frequency": "{}",
    "results_mean_output_throughput_token_per_s": 5.293031602576563,
    "results_num_completed_requests": 7,
    "results_num_completed_requests_per_min": 4.446146546164313,
    "timestamp": 1745278641
}