{
    "version": "2023-08-31",
    "name": "meta-llama-Llama-2-7b-chat-hf_250_75_summary",
    "model": "meta-llama/Llama-2-7b-chat-hf",
    "mean_input_tokens": 250,
    "stddev_input_tokens": 150,
    "mean_output_tokens": 75,
    "stddev_output_tokens": 10,
    "num_concurrent_requests": 1,
    "results_inter_token_latency_s_quantiles_p25": 0.8991172502477962,
    "results_inter_token_latency_s_quantiles_p50": 0.9036712791419503,
    "results_inter_token_latency_s_quantiles_p75": 0.9148533539339313,
    "results_inter_token_latency_s_quantiles_p90": 0.9240737439907771,
    "results_inter_token_latency_s_quantiles_p95": 0.9347146308835006,
    "results_inter_token_latency_s_quantiles_p99": 0.9432273403976794,
    "results_inter_token_latency_s_mean": 0.9098314503438637,
    "results_inter_token_latency_s_min": 0.897427227035223,
    "results_inter_token_latency_s_max": 0.9453555177762241,
    "results_inter_token_latency_s_stddev": 0.015069766894777379,
    "results_ttft_s_quantiles_p25": 1.1629051873460412,
    "results_ttft_s_quantiles_p50": 1.2241021620575339,
    "results_ttft_s_quantiles_p75": 1.2896337392739952,
    "results_ttft_s_quantiles_p90": 1.4442579275462772,
    "results_ttft_s_quantiles_p95": 2.060007366095668,
    "results_ttft_s_quantiles_p99": 2.5526069169351833,
    "results_ttft_s_mean": 1.3521736179478467,
    "results_ttft_s_min": 1.0858598002232611,
    "results_ttft_s_max": 2.6757568046450615,
    "results_ttft_s_stddev": 0.4707520103505501,
    "results_end_to_end_latency_s_quantiles_p25": 57.69539928797167,
    "results_end_to_end_latency_s_quantiles_p50": 62.18576433300041,
    "results_end_to_end_latency_s_quantiles_p75": 69.31220766482875,
    "results_end_to_end_latency_s_quantiles_p90": 72.57311498192139,
    "results_end_to_end_latency_s_quantiles_p95": 75.63111291292589,
    "results_end_to_end_latency_s_quantiles_p99": 78.0775112577295,
    "results_end_to_end_latency_s_mean": 63.19186890190467,
    "results_end_to_end_latency_s_min": 50.314958536066115,
    "results_end_to_end_latency_s_max": 78.6891108439304,
    "results_end_to_end_latency_s_stddev": 8.62196258781271,
    "results_request_output_throughput_token_per_s_quantiles_p25": 1.0930682577490485,
    "results_request_output_throughput_token_per_s_quantiles_p50": 1.1066012697047918,
    "results_request_output_throughput_token_per_s_quantiles_p75": 1.1121982159964297,
    "results_request_output_throughput_token_per_s_quantiles_p90": 1.1131193784646907,
    "results_request_output_throughput_token_per_s_quantiles_p95": 1.1137056689039555,
    "results_request_output_throughput_token_per_s_quantiles_p99": 1.114174701255367,
    "results_request_output_throughput_token_per_s_mean": 1.0993666667014697,
    "results_request_output_throughput_token_per_s_min": 1.057799832739629,
    "results_request_output_throughput_token_per_s_max": 1.1142919593432201,
    "results_request_output_throughput_token_per_s_stddev": 0.017829474235971424,
    "results_number_input_tokens_quantiles_p25": 214.5,
    "results_number_input_tokens_quantiles_p50": 249.0,
    "results_number_input_tokens_quantiles_p75": 277.75,
    "results_number_input_tokens_quantiles_p90": 337.59999999999985,
    "results_number_input_tokens_quantiles_p95": 502.2999999999996,
    "results_number_input_tokens_quantiles_p99": 634.0600000000001,
    "results_number_input_tokens_mean": 281.0,
    "results_number_input_tokens_min": "172",
    "results_number_input_tokens_max": "667",
    "results_number_input_tokens_stddev": 141.8230509394639,
    "results_number_output_tokens_quantiles_p25": 64.25,
    "results_number_output_tokens_quantiles_p50": 68.5,
    "results_number_output_tokens_quantiles_p75": 75.75,
    "results_number_output_tokens_quantiles_p90": 78.8,
    "results_number_output_tokens_quantiles_p95": 82.39999999999999,
    "results_number_output_tokens_quantiles_p99": 85.28,
    "results_number_output_tokens_mean": 69.4,
    "results_number_output_tokens_min": "56",
    "results_number_output_tokens_max": "86",
    "results_number_output_tokens_stddev": 8.971560003081342,
    "results_num_requests_started": 10,
    "results_error_rate": 0.0,
    "results_number_errors": 0,
    "results_error_code_frequency": "{}",
    "results_mean_output_throughput_token_per_s": 1.0951372869112643,
    "results_num_completed_requests": 10,
    "results_num_completed_requests_per_min": 0.9468045708166551,
    "timestamp": 1745270772
}