{
    "version": "2023-08-31",
    "name": "meta-llama-Llama-2-7b-chat-hf_250_75_summary",
    "model": "meta-llama/Llama-2-7b-chat-hf",
    "mean_input_tokens": 250,
    "stddev_input_tokens": 150,
    "mean_output_tokens": 75,
    "stddev_output_tokens": 10,
    "num_concurrent_requests": 1,
    "results_inter_token_latency_s_quantiles_p25": 0.1607913459821669,
    "results_inter_token_latency_s_quantiles_p50": 0.16496938740973138,
    "results_inter_token_latency_s_quantiles_p75": 0.17296297676386624,
    "results_inter_token_latency_s_quantiles_p90": 0.2150734532010025,
    "results_inter_token_latency_s_quantiles_p95": 0.26243743068710756,
    "results_inter_token_latency_s_quantiles_p99": 0.30032861267599165,
    "results_inter_token_latency_s_mean": 0.18269188323785618,
    "results_inter_token_latency_s_min": 0.15330265825570125,
    "results_inter_token_latency_s_max": 0.3098014081732127,
    "results_inter_token_latency_s_stddev": 0.051798608430663085,
    "results_ttft_s_quantiles_p25": 4.188869666999381,
    "results_ttft_s_quantiles_p50": 4.720534916501492,
    "results_ttft_s_quantiles_p75": 5.196172103758727,
    "results_ttft_s_quantiles_p90": 7.831049878709017,
    "results_ttft_s_quantiles_p95": 10.750284189346708,
    "results_ttft_s_quantiles_p99": 13.085671637856866,
    "results_ttft_s_mean": 5.714059025875031,
    "results_ttft_s_min": 3.888391040993156,
    "results_ttft_s_max": 13.669518499984406,
    "results_ttft_s_stddev": 3.2614982331100526,
    "results_end_to_end_latency_s_quantiles_p25": 10.62920876073622,
    "results_end_to_end_latency_s_quantiles_p50": 11.91975422950054,
    "results_end_to_end_latency_s_quantiles_p75": 13.084601176771685,
    "results_end_to_end_latency_s_quantiles_p90": 16.093941883009393,
    "results_end_to_end_latency_s_quantiles_p95": 18.73550248300307,
    "results_end_to_end_latency_s_quantiles_p99": 20.848750962998018,
    "results_end_to_end_latency_s_mean": 12.945145250003407,
    "results_end_to_end_latency_s_min": 10.44921995801269,
    "results_end_to_end_latency_s_max": 21.377063082996756,
    "results_end_to_end_latency_s_stddev": 3.608745619913989,
    "results_request_output_throughput_token_per_s_quantiles_p25": 5.7813577306315205,
    "results_request_output_throughput_token_per_s_quantiles_p50": 6.061227061763967,
    "results_request_output_throughput_token_per_s_quantiles_p75": 6.218999701224302,
    "results_request_output_throughput_token_per_s_quantiles_p90": 6.311199909830772,
    "results_request_output_throughput_token_per_s_quantiles_p95": 6.416946438029706,
    "results_request_output_throughput_token_per_s_quantiles_p99": 6.501543660588855,
    "results_request_output_throughput_token_per_s_mean": 5.730142911145958,
    "results_request_output_throughput_token_per_s_min": 3.2277586370076423,
    "results_request_output_throughput_token_per_s_max": 6.522692966228641,
    "results_request_output_throughput_token_per_s_stddev": 1.0415214801796402,
    "results_number_input_tokens_quantiles_p25": 202.5,
    "results_number_input_tokens_quantiles_p50": 234.5,
    "results_number_input_tokens_quantiles_p75": 286.0,
    "results_number_input_tokens_quantiles_p90": 410.79999999999995,
    "results_number_input_tokens_quantiles_p95": 538.8999999999999,
    "results_number_input_tokens_quantiles_p99": 641.3799999999999,
    "results_number_input_tokens_mean": 285.25,
    "results_number_input_tokens_min": "172",
    "results_number_input_tokens_max": "667",
    "results_number_input_tokens_stddev": 160.4767450887689,
    "results_number_output_tokens_quantiles_p25": 64.75,
    "results_number_output_tokens_quantiles_p50": 68.5,
    "results_number_output_tokens_quantiles_p75": 78.25,
    "results_number_output_tokens_quantiles_p90": 81.1,
    "results_number_output_tokens_quantiles_p95": 83.55,
    "results_number_output_tokens_quantiles_p99": 85.50999999999999,
    "results_number_output_tokens_mean": 71.25,
    "results_number_output_tokens_min": "61",
    "results_number_output_tokens_max": "86",
    "results_number_output_tokens_stddev": 8.74642784226795,
    "results_num_requests_started": 8,
    "results_error_rate": 0.0,
    "results_number_errors": 0,
    "results_error_code_frequency": "{}",
    "results_mean_output_throughput_token_per_s": 5.493503815300548,
    "results_num_completed_requests": 8,
    "results_num_completed_requests_per_min": 4.6261084760425675,
    "timestamp": 1745277859
}