{
    "version": "2023-08-31",
    "name": "meta-llama-Llama-2-7b-chat-hf_250_75_summary",
    "model": "meta-llama/Llama-2-7b-chat-hf",
    "mean_input_tokens": 250,
    "stddev_input_tokens": 150,
    "mean_output_tokens": 75,
    "stddev_output_tokens": 10,
    "num_concurrent_requests": 1,
    "results_inter_token_latency_s_quantiles_p25": 0.2647724912954908,
    "results_inter_token_latency_s_quantiles_p50": 0.26671940598868416,
    "results_inter_token_latency_s_quantiles_p75": 0.26924837734158713,
    "results_inter_token_latency_s_quantiles_p90": 0.2714997607822932,
    "results_inter_token_latency_s_quantiles_p95": 0.2771587147748481,
    "results_inter_token_latency_s_quantiles_p99": 0.281685877968892,
    "results_inter_token_latency_s_mean": 0.26737828986431655,
    "results_inter_token_latency_s_min": 0.2577439252011202,
    "results_inter_token_latency_s_max": 0.282817668767403,
    "results_inter_token_latency_s_stddev": 0.0066227855226330175,
    "results_ttft_s_quantiles_p25": 0.36800546012818813,
    "results_ttft_s_quantiles_p50": 0.39135363907553256,
    "results_ttft_s_quantiles_p75": 0.4335939078591764,
    "results_ttft_s_quantiles_p90": 0.6198841818142681,
    "results_ttft_s_quantiles_p95": 0.7741098152706396,
    "results_ttft_s_quantiles_p99": 0.8974903220357374,
    "results_ttft_s_mean": 0.45852164635434745,
    "results_ttft_s_min": 0.3368483050726354,
    "results_ttft_s_max": 0.9283354487270117,
    "results_ttft_s_stddev": 0.1792688616713518,
    "results_end_to_end_latency_s_quantiles_p25": 16.30104731186293,
    "results_end_to_end_latency_s_quantiles_p50": 17.751651984872296,
    "results_end_to_end_latency_s_quantiles_p75": 19.281829107552767,
    "results_end_to_end_latency_s_quantiles_p90": 20.891677552601323,
    "results_end_to_end_latency_s_quantiles_p95": 20.98538297310006,
    "results_end_to_end_latency_s_quantiles_p99": 21.060347309499047,
    "results_end_to_end_latency_s_mean": 17.056709964619948,
    "results_end_to_end_latency_s_min": 7.229534534737468,
    "results_end_to_end_latency_s_max": 21.079088393598795,
    "results_end_to_end_latency_s_stddev": 3.9838660421759395,
    "results_request_output_throughput_token_per_s_quantiles_p25": 3.7035053931624793,
    "results_request_output_throughput_token_per_s_quantiles_p50": 3.727201632709824,
    "results_request_output_throughput_token_per_s_quantiles_p75": 3.7725531581729013,
    "results_request_output_throughput_token_per_s_quantiles_p90": 3.7814775045902373,
    "results_request_output_throughput_token_per_s_quantiles_p95": 3.801838623439266,
    "results_request_output_throughput_token_per_s_quantiles_p99": 3.818127518518489,
    "results_request_output_throughput_token_per_s_mean": 3.713662658389869,
    "results_request_output_throughput_token_per_s_min": 3.5358128973285714,
    "results_request_output_throughput_token_per_s_max": 3.8221997422882947,
    "results_request_output_throughput_token_per_s_stddev": 0.08699604787123859,
    "results_number_input_tokens_quantiles_p25": 214.5,
    "results_number_input_tokens_quantiles_p50": 249.0,
    "results_number_input_tokens_quantiles_p75": 277.75,
    "results_number_input_tokens_quantiles_p90": 337.59999999999985,
    "results_number_input_tokens_quantiles_p95": 502.2999999999996,
    "results_number_input_tokens_quantiles_p99": 634.0600000000001,
    "results_number_input_tokens_mean": 281.0,
    "results_number_input_tokens_min": "172",
    "results_number_input_tokens_max": "667",
    "results_number_input_tokens_stddev": 141.8230509394639,
    "results_number_output_tokens_quantiles_p25": 61.75,
    "results_number_output_tokens_quantiles_p50": 66.5,
    "results_number_output_tokens_quantiles_p75": 69.0,
    "results_number_output_tokens_quantiles_p90": 78.0,
    "results_number_output_tokens_quantiles_p95": 78.0,
    "results_number_output_tokens_quantiles_p99": 78.0,
    "results_number_output_tokens_mean": 63.4,
    "results_number_output_tokens_min": "26",
    "results_number_output_tokens_max": "78",
    "results_number_output_tokens_stddev": 14.803903389159077,
    "results_num_requests_started": 10,
    "results_error_rate": 0.0,
    "results_number_errors": 0,
    "results_error_code_frequency": "{}",
    "results_mean_output_throughput_token_per_s": 3.694266855246546,
    "results_num_completed_requests": 10,
    "results_num_completed_requests_per_min": 3.4961515980251225,
    "timestamp": 1745275055
}