{
    "version": "2023-08-31",
    "name": "meta-llama-Llama-2-7b-chat-hf_250_75_summary",
    "model": "meta-llama/Llama-2-7b-chat-hf",
    "mean_input_tokens": 250,
    "stddev_input_tokens": 150,
    "mean_output_tokens": 75,
    "stddev_output_tokens": 10,
    "num_concurrent_requests": 1,
    "results_inter_token_latency_s_quantiles_p25": 0.4523604664011925,
    "results_inter_token_latency_s_quantiles_p50": 0.4553676434002719,
    "results_inter_token_latency_s_quantiles_p75": 0.4614971756271664,
    "results_inter_token_latency_s_quantiles_p90": 0.4650145749284532,
    "results_inter_token_latency_s_quantiles_p95": 0.47327159834801663,
    "results_inter_token_latency_s_quantiles_p99": 0.47987721708366743,
    "results_inter_token_latency_s_mean": 0.4583800291237744,
    "results_inter_token_latency_s_min": 0.44944413560733665,
    "results_inter_token_latency_s_max": 0.4815286217675801,
    "results_inter_token_latency_s_stddev": 0.009349296576079193,
    "results_ttft_s_quantiles_p25": 0.6387890498153865,
    "results_ttft_s_quantiles_p50": 0.6890223848167807,
    "results_ttft_s_quantiles_p75": 0.7540452118264511,
    "results_ttft_s_quantiles_p90": 0.9995960604399441,
    "results_ttft_s_quantiles_p95": 1.300116924196481,
    "results_ttft_s_quantiles_p99": 1.5405336152017117,
    "results_ttft_s_mean": 0.7951552330050617,
    "results_ttft_s_min": 0.6262208824045956,
    "results_ttft_s_max": 1.6006377879530191,
    "results_ttft_s_stddev": 0.29784088237213424,
    "results_end_to_end_latency_s_quantiles_p25": 28.925334360799752,
    "results_end_to_end_latency_s_quantiles_p50": 31.328189220977947,
    "results_end_to_end_latency_s_quantiles_p75": 34.99486560630612,
    "results_end_to_end_latency_s_quantiles_p90": 36.487968508712946,
    "results_end_to_end_latency_s_quantiles_p95": 38.10698028844781,
    "results_end_to_end_latency_s_quantiles_p99": 39.4021897122357,
    "results_end_to_end_latency_s_mean": 31.83974005621858,
    "results_end_to_end_latency_s_min": 25.331167553551495,
    "results_end_to_end_latency_s_max": 39.72599206818268,
    "results_end_to_end_latency_s_stddev": 4.3841962769236265,
    "results_request_output_throughput_token_per_s_quantiles_p25": 2.177203834370872,
    "results_request_output_throughput_token_per_s_quantiles_p50": 2.196024835420436,
    "results_request_output_throughput_token_per_s_quantiles_p75": 2.210614248224404,
    "results_request_output_throughput_token_per_s_quantiles_p90": 2.2170333399441127,
    "results_request_output_throughput_token_per_s_quantiles_p95": 2.2383788341992816,
    "results_request_output_throughput_token_per_s_quantiles_p99": 2.255455229603417,
    "results_request_output_throughput_token_per_s_mean": 2.18837193179163,
    "results_request_output_throughput_token_per_s_min": 2.0767102948000273,
    "results_request_output_throughput_token_per_s_max": 2.259724328454451,
    "results_request_output_throughput_token_per_s_stddev": 0.04757114009071618,
    "results_number_input_tokens_quantiles_p25": 214.5,
    "results_number_input_tokens_quantiles_p50": 249.0,
    "results_number_input_tokens_quantiles_p75": 277.75,
    "results_number_input_tokens_quantiles_p90": 337.59999999999985,
    "results_number_input_tokens_quantiles_p95": 502.2999999999996,
    "results_number_input_tokens_quantiles_p99": 634.0600000000001,
    "results_number_input_tokens_mean": 281.0,
    "results_number_input_tokens_min": "172",
    "results_number_input_tokens_max": "667",
    "results_number_input_tokens_stddev": 141.8230509394639,
    "results_number_output_tokens_quantiles_p25": 65.0,
    "results_number_output_tokens_quantiles_p50": 68.5,
    "results_number_output_tokens_quantiles_p75": 75.75,
    "results_number_output_tokens_quantiles_p90": 78.89999999999999,
    "results_number_output_tokens_quantiles_p95": 82.94999999999999,
    "results_number_output_tokens_quantiles_p99": 86.19,
    "results_number_output_tokens_mean": 69.6,
    "results_number_output_tokens_min": "56",
    "results_number_output_tokens_max": "87",
    "results_number_output_tokens_stddev": 9.118966803073446,
    "results_num_requests_started": 10,
    "results_error_rate": 0.0,
    "results_number_errors": 0,
    "results_error_code_frequency": "{}",
    "results_mean_output_throughput_token_per_s": 2.1792502065706447,
    "results_num_completed_requests": 10,
    "results_num_completed_requests_per_min": 1.8786639711815902,
    "timestamp": 1745274729
}