{
    "version": "2023-08-31",
    "name": "meta-llama-Llama-2-7b-chat-hf_250_75_summary",
    "model": "meta-llama/Llama-2-7b-chat-hf",
    "mean_input_tokens": 250,
    "stddev_input_tokens": 150,
    "mean_output_tokens": 75,
    "stddev_output_tokens": 10,
    "num_concurrent_requests": 1,
    "results_inter_token_latency_s_quantiles_p25": 0.6167155677647687,
    "results_inter_token_latency_s_quantiles_p50": 0.6213672400145649,
    "results_inter_token_latency_s_quantiles_p75": 0.6294922967478088,
    "results_inter_token_latency_s_quantiles_p90": 0.6352537934174927,
    "results_inter_token_latency_s_quantiles_p95": 0.6470808403771926,
    "results_inter_token_latency_s_quantiles_p99": 0.6565424779449526,
    "results_inter_token_latency_s_mean": 0.6255437197527317,
    "results_inter_token_latency_s_min": 0.6130141355315573,
    "results_inter_token_latency_s_max": 0.6589078873368925,
    "results_inter_token_latency_s_stddev": 0.013414302777944965,
    "results_ttft_s_quantiles_p25": 0.7807786313351244,
    "results_ttft_s_quantiles_p50": 0.8270522805396467,
    "results_ttft_s_quantiles_p75": 0.919264213880524,
    "results_ttft_s_quantiles_p90": 1.1383389643859114,
    "results_ttft_s_quantiles_p95": 1.5540768415434276,
    "results_ttft_s_quantiles_p99": 1.8866671432694422,
    "results_ttft_s_mean": 0.955804096115753,
    "results_ttft_s_min": 0.7285382919944823,
    "results_ttft_s_max": 1.9698147187009454,
    "results_ttft_s_stddev": 0.3685402523715497,
    "results_end_to_end_latency_s_quantiles_p25": 39.42913354176562,
    "results_end_to_end_latency_s_quantiles_p50": 42.74825327540748,
    "results_end_to_end_latency_s_quantiles_p75": 47.77828210731968,
    "results_end_to_end_latency_s_quantiles_p90": 49.82878431915305,
    "results_end_to_end_latency_s_quantiles_p95": 52.00594519942533,
    "results_end_to_end_latency_s_quantiles_p99": 53.747673903643154,
    "results_end_to_end_latency_s_mean": 43.45080610238947,
    "results_end_to_end_latency_s_min": 34.634817206300795,
    "results_end_to_end_latency_s_max": 54.18310607969761,
    "results_end_to_end_latency_s_stddev": 5.987835705390134,
    "results_request_output_throughput_token_per_s_quantiles_p25": 1.588580188318854,
    "results_request_output_throughput_token_per_s_quantiles_p50": 1.6093528983919496,
    "results_request_output_throughput_token_per_s_quantiles_p75": 1.6214910221618164,
    "results_request_output_throughput_token_per_s_quantiles_p90": 1.6330781181960499,
    "results_request_output_throughput_token_per_s_quantiles_p95": 1.6411810196613346,
    "results_request_output_throughput_token_per_s_quantiles_p99": 1.6476633408335621,
    "results_request_output_throughput_token_per_s_mean": 1.6017433957196583,
    "results_request_output_throughput_token_per_s_min": 1.5176575776214725,
    "results_request_output_throughput_token_per_s_max": 1.649283921126619,
    "results_request_output_throughput_token_per_s_stddev": 0.036134480457147795,
    "results_number_input_tokens_quantiles_p25": 214.5,
    "results_number_input_tokens_quantiles_p50": 249.0,
    "results_number_input_tokens_quantiles_p75": 277.75,
    "results_number_input_tokens_quantiles_p90": 337.59999999999985,
    "results_number_input_tokens_quantiles_p95": 502.2999999999996,
    "results_number_input_tokens_quantiles_p99": 634.0600000000001,
    "results_number_input_tokens_mean": 281.0,
    "results_number_input_tokens_min": "172",
    "results_number_input_tokens_max": "667",
    "results_number_input_tokens_stddev": 141.8230509394639,
    "results_number_output_tokens_quantiles_p25": 64.5,
    "results_number_output_tokens_quantiles_p50": 68.5,
    "results_number_output_tokens_quantiles_p75": 75.75,
    "results_number_output_tokens_quantiles_p90": 78.8,
    "results_number_output_tokens_quantiles_p95": 82.39999999999999,
    "results_number_output_tokens_quantiles_p99": 85.28,
    "results_number_output_tokens_mean": 69.5,
    "results_number_output_tokens_min": "56",
    "results_number_output_tokens_max": "86",
    "results_number_output_tokens_stddev": 8.922505876216116,
    "results_num_requests_started": 10,
    "results_error_rate": 0.0,
    "results_number_errors": 0,
    "results_error_code_frequency": "{}",
    "results_mean_output_throughput_token_per_s": 1.5961271755656112,
    "results_num_completed_requests": 10,
    "results_num_completed_requests_per_min": 1.377951518473909,
    "timestamp": 1745273601
}