{
    "version": "2023-08-31",
    "name": "ModelCloud-DeepSeek-R1-Distill-Qwen-7B-gptqmodel-4bit-vortex-v2_250_75_summary",
    "model": "ModelCloud/DeepSeek-R1-Distill-Qwen-7B-gptqmodel-4bit-vortex-v2",
    "mean_input_tokens": 250,
    "stddev_input_tokens": 75,
    "mean_output_tokens": 75,
    "stddev_output_tokens": 10,
    "num_concurrent_requests": 1,
    "results_inter_token_latency_s_quantiles_p25": 0.008264001665883564,
    "results_inter_token_latency_s_quantiles_p50": 0.008293050590152003,
    "results_inter_token_latency_s_quantiles_p75": 0.008352479169639422,
    "results_inter_token_latency_s_quantiles_p90": 0.00991636407007649,
    "results_inter_token_latency_s_quantiles_p95": 0.01634532101580201,
    "results_inter_token_latency_s_quantiles_p99": 0.02148848657238245,
    "results_inter_token_latency_s_mean": 0.009752256799731436,
    "results_inter_token_latency_s_min": 0.008215269246376089,
    "results_inter_token_latency_s_max": 0.022774277961527555,
    "results_inter_token_latency_s_stddev": 0.004576123542841466,
    "results_ttft_s_quantiles_p25": 0.033741847999976926,
    "results_ttft_s_quantiles_p50": 0.03493569599999091,
    "results_ttft_s_quantiles_p75": 0.03720253025002762,
    "results_ttft_s_quantiles_p90": 0.14942347079997909,
    "results_ttft_s_quantiles_p95": 0.6054274688999488,
    "results_ttft_s_quantiles_p99": 0.9702306673799264,
    "results_ttft_s_mean": 0.13845650689999048,
    "results_ttft_s_min": 0.031116107999991982,
    "results_ttft_s_max": 1.0614314669999203,
    "results_ttft_s_stddev": 0.32433422122923666,
    "results_end_to_end_latency_s_quantiles_p25": 0.5316534879999324,
    "results_end_to_end_latency_s_quantiles_p50": 0.5669666389999861,
    "results_end_to_end_latency_s_quantiles_p75": 0.628239866499996,
    "results_end_to_end_latency_s_quantiles_p90": 0.8173061952999997,
    "results_end_to_end_latency_s_quantiles_p95": 1.2969112601499933,
    "results_end_to_end_latency_s_quantiles_p99": 1.68059531202999,
    "results_end_to_end_latency_s_mean": 0.6891788763999898,
    "results_end_to_end_latency_s_min": 0.4681263280000394,
    "results_end_to_end_latency_s_max": 1.7765163249999887,
    "results_end_to_end_latency_s_stddev": 0.38816364008881354,
    "results_request_output_throughput_token_per_s_quantiles_p25": 132.10056592491532,
    "results_request_output_throughput_token_per_s_quantiles_p50": 135.52958375720345,
    "results_request_output_throughput_token_per_s_quantiles_p75": 137.43027184536825,
    "results_request_output_throughput_token_per_s_quantiles_p90": 138.24544241536879,
    "results_request_output_throughput_token_per_s_quantiles_p95": 139.63197548422187,
    "results_request_output_throughput_token_per_s_quantiles_p99": 140.74120193930435,
    "results_request_output_throughput_token_per_s_mean": 127.15883473711986,
    "results_request_output_throughput_token_per_s_min": 50.660947345924654,
    "results_request_output_throughput_token_per_s_max": 141.01850855307498,
    "results_request_output_throughput_token_per_s_stddev": 27.054997495476627,
    "results_number_input_tokens_quantiles_p25": 231.75,
    "results_number_input_tokens_quantiles_p50": 249.5,
    "results_number_input_tokens_quantiles_p75": 263.5,
    "results_number_input_tokens_quantiles_p90": 293.29999999999995,
    "results_number_input_tokens_quantiles_p95": 375.6499999999998,
    "results_number_input_tokens_quantiles_p99": 441.53000000000003,
    "results_number_input_tokens_mean": 265.2,
    "results_number_input_tokens_min": "211",
    "results_number_input_tokens_max": "458",
    "results_number_input_tokens_stddev": 70.83909780465713,
    "results_number_output_tokens_quantiles_p25": 73.75,
    "results_number_output_tokens_quantiles_p50": 76.5,
    "results_number_output_tokens_quantiles_p75": 85.5,
    "results_number_output_tokens_quantiles_p90": 90.3,
    "results_number_output_tokens_quantiles_p95": 91.64999999999999,
    "results_number_output_tokens_quantiles_p99": 92.73,
    "results_number_output_tokens_mean": 78.3,
    "results_number_output_tokens_min": "64",
    "results_number_output_tokens_max": "93",
    "results_number_output_tokens_stddev": 9.416887903005843,
    "results_num_requests_started": 10,
    "results_error_rate": 0.0,
    "results_number_errors": 0,
    "results_error_code_frequency": "{}",
    "results_mean_output_throughput_token_per_s": 99.87830101995915,
    "results_num_completed_requests": 10,
    "results_num_completed_requests_per_min": 76.5350965670185,
    "timestamp": 1745788569
}