{
    "version": "2023-08-31",
    "name": "ModelCloud-DeepSeek-R1-Distill-Qwen-7B-gptqmodel-4bit-vortex-v2_250_75_summary",
    "model": "ModelCloud/DeepSeek-R1-Distill-Qwen-7B-gptqmodel-4bit-vortex-v2",
    "mean_input_tokens": 250,
    "stddev_input_tokens": 75,
    "mean_output_tokens": 75,
    "stddev_output_tokens": 10,
    "num_concurrent_requests": 1,
    "results_inter_token_latency_s_quantiles_p25": 0.010340801101079126,
    "results_inter_token_latency_s_quantiles_p50": 0.010463252687596302,
    "results_inter_token_latency_s_quantiles_p75": 0.010612333412679233,
    "results_inter_token_latency_s_quantiles_p90": 0.010749756687722602,
    "results_inter_token_latency_s_quantiles_p95": 0.01079714430038063,
    "results_inter_token_latency_s_quantiles_p99": 0.010835054390507052,
    "results_inter_token_latency_s_mean": 0.010477366329404953,
    "results_inter_token_latency_s_min": 0.010174106461547056,
    "results_inter_token_latency_s_max": 0.010844531913038658,
    "results_inter_token_latency_s_stddev": 0.0002250442692862485,
    "results_ttft_s_quantiles_p25": 0.09994616324985373,
    "results_ttft_s_quantiles_p50": 0.10572819499998332,
    "results_ttft_s_quantiles_p75": 0.10777903400003197,
    "results_ttft_s_quantiles_p90": 0.11637665880002714,
    "results_ttft_s_quantiles_p95": 0.1204930284000511,
    "results_ttft_s_quantiles_p99": 0.1237861240800703,
    "results_ttft_s_mean": 0.1065512746999957,
    "results_ttft_s_min": 0.09931183499998042,
    "results_ttft_s_max": 0.12460939800007509,
    "results_ttft_s_stddev": 0.00813011518105792,
    "results_end_to_end_latency_s_quantiles_p25": 0.6645140897500141,
    "results_end_to_end_latency_s_quantiles_p50": 0.721577846999935,
    "results_end_to_end_latency_s_quantiles_p75": 0.7823725367498469,
    "results_end_to_end_latency_s_quantiles_p90": 0.823135980699908,
    "results_end_to_end_latency_s_quantiles_p95": 0.8494712168499517,
    "results_end_to_end_latency_s_quantiles_p99": 0.8705394057699869,
    "results_end_to_end_latency_s_mean": 0.7261483953999687,
    "results_end_to_end_latency_s_min": 0.6014966610000556,
    "results_end_to_end_latency_s_max": 0.8758064529999956,
    "results_end_to_end_latency_s_stddev": 0.0848564480249162,
    "results_request_output_throughput_token_per_s_quantiles_p25": 105.81965929724964,
    "results_request_output_throughput_token_per_s_quantiles_p50": 108.0133880029899,
    "results_request_output_throughput_token_per_s_quantiles_p75": 109.72391750962161,
    "results_request_output_throughput_token_per_s_quantiles_p90": 113.03993988157538,
    "results_request_output_throughput_token_per_s_quantiles_p95": 113.04563700512549,
    "results_request_output_throughput_token_per_s_quantiles_p99": 113.05019470396557,
    "results_request_output_throughput_token_per_s_mean": 108.37519138034921,
    "results_request_output_throughput_token_per_s_min": 105.12894294225906,
    "results_request_output_throughput_token_per_s_max": 113.05133412867559,
    "results_request_output_throughput_token_per_s_stddev": 2.920690242401681,
    "results_number_input_tokens_quantiles_p25": 231.75,
    "results_number_input_tokens_quantiles_p50": 249.5,
    "results_number_input_tokens_quantiles_p75": 263.5,
    "results_number_input_tokens_quantiles_p90": 293.29999999999995,
    "results_number_input_tokens_quantiles_p95": 375.6499999999998,
    "results_number_input_tokens_quantiles_p99": 441.53000000000003,
    "results_number_input_tokens_mean": 265.2,
    "results_number_input_tokens_min": "211",
    "results_number_input_tokens_max": "458",
    "results_number_input_tokens_stddev": 70.83909780465713,
    "results_number_output_tokens_quantiles_p25": 72.5,
    "results_number_output_tokens_quantiles_p50": 76.0,
    "results_number_output_tokens_quantiles_p75": 84.25,
    "results_number_output_tokens_quantiles_p90": 89.1,
    "results_number_output_tokens_quantiles_p95": 94.04999999999998,
    "results_number_output_tokens_quantiles_p99": 98.01,
    "results_number_output_tokens_mean": 78.7,
    "results_number_output_tokens_min": "68",
    "results_number_output_tokens_max": "99",
    "results_number_output_tokens_stddev": 9.684466370889462,
    "results_num_requests_started": 10,
    "results_error_rate": 0.0,
    "results_number_errors": 0,
    "results_error_code_frequency": "{}",
    "results_mean_output_throughput_token_per_s": 96.2426031571825,
    "results_num_completed_requests": 10,
    "results_num_completed_requests_per_min": 73.3742844908634,
    "timestamp": 1745787577
}