{
    "version": "2023-08-31",
    "name": "meta-llama-Llama-2-7b-chat-hf_250_75_summary",
    "model": "meta-llama/Llama-2-7b-chat-hf",
    "mean_input_tokens": 250,
    "stddev_input_tokens": 150,
    "mean_output_tokens": 75,
    "stddev_output_tokens": 10,
    "num_concurrent_requests": 1,
    "results_inter_token_latency_s_quantiles_p25": 0.512147857019741,
    "results_inter_token_latency_s_quantiles_p50": 0.513402682712917,
    "results_inter_token_latency_s_quantiles_p75": 0.5216565678606228,
    "results_inter_token_latency_s_quantiles_p90": 0.5248798715573647,
    "results_inter_token_latency_s_quantiles_p95": 0.5313221226359639,
    "results_inter_token_latency_s_quantiles_p99": 0.5364759234988433,
    "results_inter_token_latency_s_mean": 0.5174900552850666,
    "results_inter_token_latency_s_min": 0.5103422451138613,
    "results_inter_token_latency_s_max": 0.5377643737145632,
    "results_inter_token_latency_s_stddev": 0.008531830889782918,
    "results_ttft_s_quantiles_p25": 0.7216381069738418,
    "results_ttft_s_quantiles_p50": 0.7415437789168209,
    "results_ttft_s_quantiles_p75": 0.786047063418664,
    "results_ttft_s_quantiles_p90": 0.8822257624007759,
    "results_ttft_s_quantiles_p95": 1.2496589991729699,
    "results_ttft_s_quantiles_p99": 1.5436055885907263,
    "results_ttft_s_mean": 0.8241325363516807,
    "results_ttft_s_min": 0.6650461601093411,
    "results_ttft_s_max": 1.6170922359451652,
    "results_ttft_s_stddev": 0.2823985080863426,
    "results_end_to_end_latency_s_quantiles_p25": 31.66840240568854,
    "results_end_to_end_latency_s_quantiles_p50": 34.37114244909026,
    "results_end_to_end_latency_s_quantiles_p75": 36.72813135641627,
    "results_end_to_end_latency_s_quantiles_p90": 40.84145046896301,
    "results_end_to_end_latency_s_quantiles_p95": 42.90855530851986,
    "results_end_to_end_latency_s_quantiles_p99": 44.56223918016534,
    "results_end_to_end_latency_s_mean": 34.247479300946,
    "results_end_to_end_latency_s_min": 23.05616353219375,
    "results_end_to_end_latency_s_max": 44.97566014807671,
    "results_end_to_end_latency_s_stddev": 6.08037367434092,
    "results_request_output_throughput_token_per_s_quantiles_p25": 1.9322567834058608,
    "results_request_output_throughput_token_per_s_quantiles_p50": 1.9425308228940477,
    "results_request_output_throughput_token_per_s_quantiles_p75": 1.949458314394752,
    "results_request_output_throughput_token_per_s_quantiles_p90": 1.9570327888973564,
    "results_request_output_throughput_token_per_s_quantiles_p95": 1.9582452361568472,
    "results_request_output_throughput_token_per_s_quantiles_p99": 1.9592151939644398,
    "results_request_output_throughput_token_per_s_mean": 1.9333735686865434,
    "results_request_output_throughput_token_per_s_min": 1.8595402531866772,
    "results_request_output_throughput_token_per_s_max": 1.959457683416338,
    "results_request_output_throughput_token_per_s_stddev": 0.029843169268987196,
    "results_number_input_tokens_quantiles_p25": 214.5,
    "results_number_input_tokens_quantiles_p50": 249.0,
    "results_number_input_tokens_quantiles_p75": 277.75,
    "results_number_input_tokens_quantiles_p90": 337.59999999999985,
    "results_number_input_tokens_quantiles_p95": 502.2999999999996,
    "results_number_input_tokens_quantiles_p99": 634.0600000000001,
    "results_number_input_tokens_mean": 281.0,
    "results_number_input_tokens_min": "172",
    "results_number_input_tokens_max": "667",
    "results_number_input_tokens_stddev": 141.8230509394639,
    "results_number_output_tokens_quantiles_p25": 61.75,
    "results_number_output_tokens_quantiles_p50": 67.0,
    "results_number_output_tokens_quantiles_p75": 69.0,
    "results_number_output_tokens_quantiles_p90": 78.89999999999999,
    "results_number_output_tokens_quantiles_p95": 82.94999999999999,
    "results_number_output_tokens_quantiles_p99": 86.19,
    "results_number_output_tokens_mean": 66.2,
    "results_number_output_tokens_min": "44",
    "results_number_output_tokens_max": "87",
    "results_number_output_tokens_stddev": 11.669523459755235,
    "results_num_requests_started": 10,
    "results_error_rate": 0.0,
    "results_number_errors": 0,
    "results_error_code_frequency": "{}",
    "results_mean_output_throughput_token_per_s": 1.9228229403879327,
    "results_num_completed_requests": 10,
    "results_num_completed_requests_per_min": 1.7427398251250146,
    "timestamp": 1745271909
}