{
    "version": "2023-08-31",
    "name": "meta-llama-Llama-2-7b-chat-hf_250_75_summary",
    "model": "meta-llama/Llama-2-7b-chat-hf",
    "mean_input_tokens": 250,
    "stddev_input_tokens": 150,
    "mean_output_tokens": 75,
    "stddev_output_tokens": 10,
    "num_concurrent_requests": 1,
    "results_inter_token_latency_s_quantiles_p25": 1.247826597121121,
    "results_inter_token_latency_s_quantiles_p50": 1.253179542868198,
    "results_inter_token_latency_s_quantiles_p75": 1.2718784891446713,
    "results_inter_token_latency_s_quantiles_p90": 1.2899950536528608,
    "results_inter_token_latency_s_quantiles_p95": 1.3041288241585707,
    "results_inter_token_latency_s_quantiles_p99": 1.3154358405631383,
    "results_inter_token_latency_s_mean": 1.258535975635642,
    "results_inter_token_latency_s_min": 1.2014473745097907,
    "results_inter_token_latency_s_max": 1.3182625946642803,
    "results_inter_token_latency_s_stddev": 0.03308014459768505,
    "results_ttft_s_quantiles_p25": 1.6056917018722743,
    "results_ttft_s_quantiles_p50": 1.6654856116510928,
    "results_ttft_s_quantiles_p75": 1.8109518165001646,
    "results_ttft_s_quantiles_p90": 2.4354652749374504,
    "results_ttft_s_quantiles_p95": 3.1366764614824194,
    "results_ttft_s_quantiles_p99": 3.697645410718396,
    "results_ttft_s_mean": 1.9424574426957406,
    "results_ttft_s_min": 1.5501379859633744,
    "results_ttft_s_max": 3.8378876480273902,
    "results_ttft_s_stddev": 0.7730079108017823,
    "results_end_to_end_latency_s_quantiles_p25": 78.87924996158108,
    "results_end_to_end_latency_s_quantiles_p50": 86.054022194352,
    "results_end_to_end_latency_s_quantiles_p75": 98.39002060424536,
    "results_end_to_end_latency_s_quantiles_p90": 102.53536238074302,
    "results_end_to_end_latency_s_quantiles_p95": 105.87253856877795,
    "results_end_to_end_latency_s_quantiles_p99": 108.5422795192059,
    "results_end_to_end_latency_s_mean": 83.43707638129126,
    "results_end_to_end_latency_s_min": 32.51840725587681,
    "results_end_to_end_latency_s_max": 109.2097147568129,
    "results_end_to_end_latency_s_stddev": 23.47733506595862,
    "results_request_output_throughput_token_per_s_quantiles_p25": 0.7791067222976908,
    "results_request_output_throughput_token_per_s_quantiles_p50": 0.7918525622054202,
    "results_request_output_throughput_token_per_s_quantiles_p75": 0.800038154602523,
    "results_request_output_throughput_token_per_s_quantiles_p90": 0.8014685311835062,
    "results_request_output_throughput_token_per_s_quantiles_p95": 0.8020052921490219,
    "results_request_output_throughput_token_per_s_quantiles_p99": 0.8024347009214345,
    "results_request_output_throughput_token_per_s_mean": 0.7871102419143908,
    "results_request_output_throughput_token_per_s_min": 0.7585723942508793,
    "results_request_output_throughput_token_per_s_max": 0.8025420531145377,
    "results_request_output_throughput_token_per_s_stddev": 0.01623119884016613,
    "results_number_input_tokens_quantiles_p25": 202.5,
    "results_number_input_tokens_quantiles_p50": 234.5,
    "results_number_input_tokens_quantiles_p75": 286.0,
    "results_number_input_tokens_quantiles_p90": 410.79999999999995,
    "results_number_input_tokens_quantiles_p95": 538.8999999999999,
    "results_number_input_tokens_quantiles_p99": 641.3799999999999,
    "results_number_input_tokens_mean": 285.25,
    "results_number_input_tokens_min": "172",
    "results_number_input_tokens_max": "667",
    "results_number_input_tokens_stddev": 160.4767450887689,
    "results_number_output_tokens_quantiles_p25": 63.25,
    "results_number_output_tokens_quantiles_p50": 67.0,
    "results_number_output_tokens_quantiles_p75": 78.0,
    "results_number_output_tokens_quantiles_p90": 80.4,
    "results_number_output_tokens_quantiles_p95": 83.19999999999999,
    "results_number_output_tokens_quantiles_p99": 85.44,
    "results_number_output_tokens_mean": 65.75,
    "results_number_output_tokens_min": "25",
    "results_number_output_tokens_max": "86",
    "results_number_output_tokens_stddev": 18.545311305787546,
    "results_num_requests_started": 8,
    "results_error_rate": 0.0,
    "results_number_errors": 0,
    "results_error_code_frequency": "{}",
    "results_mean_output_throughput_token_per_s": 0.7858964896066761,
    "results_num_completed_requests": 8,
    "results_num_completed_requests_per_min": 0.717167899260845,
    "timestamp": 1745268818
}